"source","url","description"
"SPARQLES","http://140.109.28.64:2020/sparql",""
"SPARQLES","http://156.35.31.156/sparql",""
"SPARQLES","http://156.35.82.103/sparql",""
"SPARQLES","http://193.145.57.56:8890/sparql",""
"SPARQLES","http://202.45.139.84:10035/catalogs/fao/repositories/agris",""
"SPARQLES","http://202.45.139.84:10035/catalogs/fao/repositories/agrovoc",""
"SPARQLES","http://202.73.13.50:55824/catalogs/performance/repositories/jita",""
"SPARQLES","http://212.81.220.68:2020/elviajero",""
"SPARQLES","http://91.239.64.176:8890/sparql",""
"SPARQLES","http://abs.270a.info/sparql",""
"SPARQLES","http://academia6.poolparty.biz/PoolParty/sparql/Tesauro-Materias-BUPM",""
"SPARQLES","http://acm.rkbexplorer.com/sparql/",""
"SPARQLES","http://adl-gazetteer.geog.ucsb.edu:3030/adl/sparql",""
"SPARQLES","http://aemet.linkeddata.es/sparql",""
"SPARQLES","http://afcsid.bio2rdf.org/sparql",""
"SPARQLES","http://affymetrix.bio2rdf.org/sparql",""
"SPARQLES","http://agalpha.mathbiol.org/repositories/tcga",""
"SPARQLES","http://agencies.publicdata.eu/sparql",""
"SPARQLES","http://agrinepaldata.com/sparql",""
"SPARQLES","http://aksw.org/sparql",""
"SPARQLES","http://alaska.eagle-i.net/sparqler/sparql",""
"SPARQLES","http://aliada.scanbit.net:8891/sparql",""
"SPARQLES","http://api.aucklandmuseum.com",""
"SPARQLES","http://api.kasabi.com/dataset/bricklink/apis/sparql",""
"SPARQLES","http://api.kasabi.com/dataset/ecco-tcp-eighteenth-century-collections-online-texts/apis/sparql",""
"SPARQLES","http://api.kasabi.com/dataset/english-heritage/apis/sparql",""
"SPARQLES","http://api.kasabi.com/dataset/federal-reserve-economic-data/apis/sparql",""
"SPARQLES","http://api.kasabi.com/dataset/foodista/apis/sparql",""
"SPARQLES","http://api.kasabi.com/dataset/musicnet/apis/sparql",""
"SPARQLES","http://api.kasabi.com/dataset/nasa/apis/sparql",""
"SPARQLES","http://api.kasabi.com/dataset/openflights-routes/apis/sparql",""
"SPARQLES","http://api.kasabi.com/dataset/pali-english-lexicon/apis/sparql",""
"SPARQLES","http://api.kasabi.com/dataset/prelinger-archives/apis/sparql",""
"SPARQLES","http://api.kasabi.com/dataset/renewable-energy-generators/apis/sparql",""
"SPARQLES","http://api.kasabi.com/dataset/sanskrit-english-lexicon/apis/sparql",""
"SPARQLES","http://api.kasabi.com/dataset/un-hazardous-material-numbers/apis/sparql",""
"SPARQLES","http://api.kasabi.com/dataset/yahoo-geoplanet/apis/sparql",""
"SPARQLES","http://api.talis.com/stores/airports/services/sparql",""
"SPARQLES","http://api.talis.com/stores/bbc-backstage/services/sparql",""
"SPARQLES","http://api.talis.com/stores/bbc-wildlife/services/sparql",""
"SPARQLES","http://api.talis.com/stores/climb/services/sparql",""
"SPARQLES","http://api.talis.com/stores/datagovuk/services/sparql",""
"SPARQLES","http://api.talis.com/stores/elections/services/sparql",""
"SPARQLES","http://api.talis.com/stores/eumida/services/sparql",""
"SPARQLES","http://api.talis.com/stores/eupmedia/services/sparql",""
"SPARQLES","http://api.talis.com/stores/eurobarometer/services/sparql",""
"SPARQLES","http://api.talis.com/stores/eutc-productions/services/sparql",""
"SPARQLES","http://api.talis.com/stores/gunnbib-digitalmanuskripter/sparql",""
"SPARQLES","http://api.talis.com/stores/jgoodwin-genealogy/services/sparql",""
"SPARQLES","http://api.talis.com/stores/massobservation/services/sparql",""
"SPARQLES","http://api.talis.com/stores/metoffice/services/sparql",""
"SPARQLES","http://api.talis.com/stores/moseley/services/sparql",""
"SPARQLES","http://api.talis.com/stores/musicbrainz/services/sparql",""
"SPARQLES","http://api.talis.com/stores/nvd/services/sparql",""
"SPARQLES","http://api.talis.com/stores/openlibrary/services/sparql",""
"SPARQLES","http://api.talis.com/stores/ordnance-survey/services/sparql",""
"SPARQLES","http://api.talis.com/stores/pbac/services/sparql",""
"SPARQLES","http://api.talis.com/stores/pokedex/services/sparql",""
"SPARQLES","http://api.talis.com/stores/productdb/services/sparql",""
"SPARQLES","http://api.talis.com/stores/rsinger-dev4/services/sparql",""
"SPARQLES","http://api.talis.com/stores/schemapedia/services/sparql",""
"SPARQLES","http://api.talis.com/stores/smcjournals/services/sparql",""
"SPARQLES","http://api.talis.com/stores/theviewfrom/services/sparql",""
"SPARQLES","http://api.talis.com/stores/trafficscotland/services/sparql",""
"SPARQLES","http://api.talis.com/stores/whoiswho/services/sparql",""
"SPARQLES","http://apps.ideaconsult.net:8080/ontology",""
"SPARQLES","http://apps.morelab.deusto.es/labman/sparql",""
"SPARQLES","http://apps.morelab.deusto.es/teseo/sparql",""
"SPARQLES","http://aseg.cs.concordia.ca/secold/sparqlendpoint",""
"SPARQLES","http://asev.l3s.uni-hannover.de:8085/openrdf-sesame/repositories/TERENCE_STORY",""
"SPARQLES","http://babelnet.org/sparql/",""
"SPARQLES","http://bfs.270a.info/sparql",""
"SPARQLES","http://biolit.rkbexplorer.com/sparql",""
"SPARQLES","http://biomodels.bio2rdf.org/sparql",""
"SPARQLES","http://biopax.biomodels.bio2rdf.org/sparql",""
"SPARQLES","http://biopax.kegg.bio2rdf.org/sparql",""
"SPARQLES","http://biopax.pharmgkb.bio2rdf.org/sparql",""
"SPARQLES","http://bioportal.bio2rdf.org/sparql",""
"SPARQLES","http://biordf.net/sparql",""
"SPARQLES","http://bis.270a.info/sparql",""
"SPARQLES","http://bnb.data.bl.uk/sparql",""
"SPARQLES","http://budapest.rkbexplorer.com/sparql/",""
"SPARQLES","http://catalogus-professorum.org/sparql",""
"SPARQLES","http://cau.eagle-i.net/sparqler/sparql",""
"SPARQLES","http://cb.semsol.org/sparql",""
"SPARQLES","http://ccny-cuny.eagle-i.net/sparqler/sparql",""
"SPARQLES","http://cdrewu.eagle-i.net/sparqler/sparql",""
"SPARQLES","http://chebi.bio2rdf.org/sparql",""
"SPARQLES","http://chembl.bio2rdf.org/sparql",""
"SPARQLES","http://citeseer.rkbexplorer.com/sparql/",""
"SPARQLES","http://ckan.eurohelp.es:8890/sparql",""
"SPARQLES","http://clinicaltrials.bio2rdf.org/sparql",""
"SPARQLES","http://colinda.org/endpoint.php",""
"SPARQLES","http://collection.britishmuseum.org/Sparql",""
"SPARQLES","http://commons.dbpedia.org/sparql",""
"SPARQLES","http://cordis.rkbexplorer.com/sparql/",""
"SPARQLES","http://core.kmi.open.ac.uk/squery",""
"SPARQLES","http://corpora.nlp2rdf.org/sparql",""
"SPARQLES","http://courseware.rkbexplorer.com/sparql/",""
"SPARQLES","http://cr.eionet.europa.eu/sparql",""
"SPARQLES","http://cr3.eionet.europa.eu/sparql",""
"SPARQLES","http://crashmap.okfn.gr:8890/sparql",""
"SPARQLES","http://crime.rkbexplorer.com/sparql/",""
"SPARQLES","http://crm.rkbexplorer.com/sparql",""
"SPARQLES","http://crtm.linkeddata.es/sparql",""
"SPARQLES","http://crystaleye.ch.cam.ac.uk/sparql/",""
"SPARQLES","http://ctd.bio2rdf.org/sparql",""
"SPARQLES","http://cultura.linkeddata.es/sparql",""
"SPARQLES","http://curriculum.rkbexplorer.com/sparql/",""
"SPARQLES","http://dacura.cs.tcd.ie/sparql",""
"SPARQLES","http://darmstadt.rkbexplorer.com/sparql/",""
"SPARQLES","http://dartmouth.eagle-i.net/sparqler/sparql",""
"SPARQLES","http://data-gov.ie/sparql",""
"SPARQLES","http://data.aalto.fi/sparql",""
"SPARQLES","http://data.allie.dbcls.jp/sparql",""
"SPARQLES","http://data.archiveshub.ac.uk/sparql",""
"SPARQLES","http://data.ariadne-eu.org/sparql.tpl",""
"SPARQLES","http://data.bib.uni-mannheim.de/sparql",""
"SPARQLES","http://data.bibbase.org:2020/sparql",""
"SPARQLES","http://data.bibsys.no/data/query_authority.html",""
"SPARQLES","http://data.cnr.it/sparql-proxy/",""
"SPARQLES","http://data.colinda.org/endpoint.php",""
"SPARQLES","http://data.copac.ac.uk/sparql",""
"SPARQLES","http://data.duraark.eu/sparql",""
"SPARQLES","http://data.ege.edu.tr/ep/sparql",""
"SPARQLES","http://data.fundacionctic.org/sparql",""
"SPARQLES","http://data.globalchange.gov/sparql",""
"SPARQLES","http://data.hnm.hu/sparql",""
"SPARQLES","http://data.lenka.no/sparql",""
"SPARQLES","http://data.lider-project.eu/usage/sparql",""
"SPARQLES","http://data.linkedct.org/sparql",""
"SPARQLES","http://data.linkededucation.org/request/lak-conference/sparql",""
"SPARQLES","http://data.linkededucation.org/request/ted/sparql",""
"SPARQLES","http://data.linkedmdb.org/sparql",""
"SPARQLES","http://data.linkedu.eu/don/query",""
"SPARQLES","http://data.linkedu.eu/forge/query",""
"SPARQLES","http://data.linkedu.eu/hud/query",""
"SPARQLES","http://data.linkedu.eu/kis/query",""
"SPARQLES","http://data.linkedu.eu/kis1112/query",""
"SPARQLES","http://data.linkedu.eu/ocw/query",""
"SPARQLES","http://data.linkedu.eu/prod/query",""
"SPARQLES","http://data.linkedu.eu/slidewiki/query",""
"SPARQLES","http://data.lod2.eu/sparql",""
"SPARQLES","http://data.logainm.ie/sparql",""
"SPARQLES","http://data.nature.com/query",""
"SPARQLES","http://data.ngii.go.kr/SPARQL/sparql",""
"SPARQLES","http://data.nobelprize.org/sparql",""
"SPARQLES","http://data.noticias.universia.net/d2r-server/snorql/",""
"SPARQLES","http://data.oceandrilling.org/sparql",""
"SPARQLES","http://data.open.ac.uk/query",""
"SPARQLES","http://data.opendiscoveryspace.eu/sparql.tpl",""
"SPARQLES","http://data.organic-edunet.eu/snorql/",""
"SPARQLES","http://data.organic-edunet.eu/sparql",""
"SPARQLES","http://data.ox.ac.uk/sparql/",""
"SPARQLES","http://data.rism.info/sparql",""
"SPARQLES","http://data.semanticuniverse.com/sparql",""
"SPARQLES","http://data.semanticweb.org/sparql",""
"SPARQLES","http://data.szepmuveszeti.hu/sparql",""
"SPARQLES","http://data.uni-muenster.de/sparql",""
"SPARQLES","http://data.utpl.edu.ec/ecuadorresearch/lod/sparql",""
"SPARQLES","http://data.utpl.edu.ec/utpl/lod/sparql",""
"SPARQLES","http://dati.camera.it/sparql",""
"SPARQLES","http://dati.isprambiente.it/sparql",""
"SPARQLES","http://datos.artium.org/sparql",""
"SPARQLES","http://datos.bcn.cl/sparql",""
"SPARQLES","http://datos.bne.es/sparql",""
"SPARQLES","http://dblp.l3s.de/d2r/sparql",""
"SPARQLES","http://dblp.rkbexplorer.com/sparql/",""
"SPARQLES","http://dbpedia.org/sparql",""
"SPARQLES","http://dbsnp.bio2rdf.org/sparql",""
"SPARQLES","http://dbtune.org/bbc/peel/sparql/",""
"SPARQLES","http://dbtune.org/classical/sparql/",""
"SPARQLES","http://dbtune.org/jamendo/sparql/",""
"SPARQLES","http://dbtune.org/magnatune/sparql/",""
"SPARQLES","http://dbtune.org/musicbrainz/sparql",""
"SPARQLES","http://dbtune.org/myspace/sparql/",""
"SPARQLES","http://de.dbpedia.org/sparql",""
"SPARQLES","http://deepblue.rkbexplorer.com/sparql/",""
"SPARQLES","http://demo.spraakdata.gu.se/ltlod/test/",""
"SPARQLES","http://deploy.rkbexplorer.com/sparql/",""
"SPARQLES","http://dewey.info/sparql.php",""
"SPARQLES","http://digitale.bncf.firenze.sbn.it/openrdf-workbench/repositories/NS/query",""
"SPARQLES","http://digitaleconomy.rkbexplorer.com/sparql",""
"SPARQLES","http://diwis.imis.athena-innovation.gr:8181/sparql",""
"SPARQLES","http://doc.metalex.eu:8000/sparql/",""
"SPARQLES","http://dotac.rkbexplorer.com/sparql/",""
"SPARQLES","http://drugbank.bio2rdf.org/sparql",""
"SPARQLES","http://dutchshipsandsailors.nl/data/sparql/",""
"SPARQLES","http://ecb.270a.info/sparql",""
"SPARQLES","http://ecb.publicdata.eu/sparql",""
"SPARQLES","http://ecowlim.tfri.gov.tw/sparql/query",""
"SPARQLES","http://ecs.rkbexplorer.com/sparql",""
"SPARQLES","http://eculture2.cs.vu.nl:5020/sparql/",""
"SPARQLES","http://eculture2.cs.vu.nl:8890/sparql",""
"SPARQLES","http://edit.elte.hu/sparql",""
"SPARQLES","http://el-devtc01.tugraz.at/~ldv/interlinking/endpoint_handler.php",""
"SPARQLES","http://el.dbpedia.org/sparql",""
"SPARQLES","http://en.openei.org/sparql",""
"SPARQLES","http://enaktingpsi.rkbexplorer.com/sparql",""
"SPARQLES","http://enipedia.tudelft.nl/sparql",""
"SPARQLES","http://environment.data.gov.uk/sparql/bwq/query",""
"SPARQLES","http://epo.publicdata.eu/sparql",""
"SPARQLES","http://eprints.rkbexplorer.com/sparql/",""
"SPARQLES","http://epsrc.rkbexplorer.com/sparql",""
"SPARQLES","http://era.rkbexplorer.com/sparql/",""
"SPARQLES","http://eris.okfn.org/sparql",""
"SPARQLES","http://es.dbpedia.org/sparql",""
"SPARQLES","http://eu.dbpedia.org/sparql",""
"SPARQLES","http://eur-lex.publicdata.eu/sparql",""
"SPARQLES","http://eurecom.rkbexplorer.com/sparql/",""
"SPARQLES","http://europeana.ontotext.com/sparql",""
"SPARQLES","http://eurostat.linked-statistics.org/sparql",""
"SPARQLES","http://eventmedia.eurecom.fr/sparql",""
"SPARQLES","http://extbi.lab.aau.dk/sparql/",""
"SPARQLES","http://factforge.net/sparql",""
"SPARQLES","http://famu.eagle-i.net/sparqler/sparql",""
"SPARQLES","http://fao.270a.info/sparql",""
"SPARQLES","http://farolas.linkeddata.es/sparql",""
"SPARQLES","http://fintrans.publicdata.eu/sparql",""
"SPARQLES","http://foodpedia.tk/sparql",""
"SPARQLES","http://foreign.rkbexplorer.com/sparql",""
"SPARQLES","http://foreign.rkbexplorer.com/sparql/",""
"SPARQLES","http://fr.dbpedia.org/sparql",""
"SPARQLES","http://frb.270a.info/sparql",""
"SPARQLES","http://ft.rkbexplorer.com/sparql/",""
"SPARQLES","http://fun.rkbexplorer.com/sparql",""
"SPARQLES","http://futurewavehosting.com:3030/my-family-lineage/sparql",""
"SPARQLES","http://gdlc.rkbexplorer.com/sparql",""
"SPARQLES","http://genage.bio2rdf.org/sparql",""
"SPARQLES","http://genbank.bio2rdf.org/sparql",""
"SPARQLES","http://gendr.bio2rdf.org/sparql",""
"SPARQLES","http://geo.linkeddata.es/sparql",""
"SPARQLES","http://geografia.ideca.gov.co/fuseki/dataset.html?tab=query&ds=/inf",""
"SPARQLES","http://goa.bio2rdf.org/sparql",""
"SPARQLES","http://gov.tso.co.uk/coins/sparql",""
"SPARQLES","http://gov.tso.co.uk/dclg/sparql",""
"SPARQLES","http://gov.tso.co.uk/legislation/sparql",""
"SPARQLES","http://gov.tso.co.uk/transport/sparql",""
"SPARQLES","http://govwild.org/sparql",""
"SPARQLES","http://greek-lod.auth.gr/fire-brigade/sparql",""
"SPARQLES","http://greek-lod.auth.gr/police/sparql",""
"SPARQLES","http://greek-lod.math.auth.gr/intervalue/sparql",""
"SPARQLES","http://greek-lod.math.auth.gr/kalikratis/sparql",""
"SPARQLES","http://harvard.eagle-i.net/sparqler/sparql",""
"SPARQLES","http://hawaii.eagle-i.net/sparqler/sparql",""
"SPARQLES","http://hcls.deri.org/sparql",""
"SPARQLES","http://hcls.deri.org:8080/openrdf-sesame/repositories/tcga",""
"SPARQLES","http://healthdata.tw.rpi.edu/sparql",""
"SPARQLES","http://helheim.deusto.es/bizkaisense/sparql",""
"SPARQLES","http://helheim.deusto.es/hedatuz/sparql",""
"SPARQLES","http://helheim.deusto.es/linkedstats/sparql",""
"SPARQLES","http://heritagedata.org/live/sparql",""
"SPARQLES","http://hgnc.bio2rdf.org/sparql",""
"SPARQLES","http://homologene.bio2rdf.org/sparql",""
"SPARQLES","http://howard.eagle-i.net/sparqler/sparql",""
"SPARQLES","http://http://crashmap.okfn.gr:8890/sparql",""
"SPARQLES","http://http://opendata.intellidomo.es:8080/sparql/",""
"SPARQLES","http://hunter-cuny.eagle-i.net/sparqler/sparql",""
"SPARQLES","http://ibm.rkbexplorer.com/sparql/",""
"SPARQLES","http://ichoose.tw.rpi.edu/sparql",""
"SPARQLES","http://id.ndl.go.jp/auth/ndla/",""
"SPARQLES","http://id.ndl.go.jp/auth/ndlsh/",""
"SPARQLES","http://id.sgcb.mcu.es/sparql",""
"SPARQLES","http://identifiers.org/services/sparql",""
"SPARQLES","http://idi.fundacionctic.org/classifications_endpoint/eurovoc",""
"SPARQLES","http://ieee.rkbexplorer.com/sparql/",""
"SPARQLES","http://ieeevis.tw.rpi.edu/nosparql",""
"SPARQLES","http://imash.leeds.ac.uk:8080/openrdf-workbench/repositories/AMOnSPARQL/",""
"SPARQLES","http://imf.270a.info/sparql",""
"SPARQLES","http://inoh.bio2rdf.org/sparql",""
"SPARQLES","http://interpro.bio2rdf.org/sparql",""
"SPARQLES","http://iproclass.bio2rdf.org/sparql",""
"SPARQLES","http://irefindex.bio2rdf.org/sparql",""
"SPARQLES","http://irit.rkbexplorer.com/sparql/",""
"SPARQLES","http://iserve.kmi.open.ac.uk/iserve/sparql",""
"SPARQLES","http://italy.rkbexplorer.com/sparql",""
"SPARQLES","http://ja.dbpedia.org/sparql",""
"SPARQLES","http://jisc.rkbexplorer.com/sparql/",""
"SPARQLES","http://jsu.eagle-i.net/sparqler/sparql",""
"SPARQLES","http://kaiko.getalp.org/sparql",""
"SPARQLES","http://kasabi.com/api/sparql-endpoint-foodista",""
"SPARQLES","http://kaunas.rkbexplorer.com/sparql",""
"SPARQLES","http://kegg.bio2rdf.org/sparql",""
"SPARQLES","http://kent.zpr.fer.hr:8080/educationalProgram/sparql",""
"SPARQLES","http://kisti.rkbexplorer.com/sparql/",""
"SPARQLES","http://km.aifb.kit.edu/services/xlike-lexicon/",""
"SPARQLES","http://kwijibo.talis.com/latc-linksets/sparql",""
"SPARQLES","http://laas.rkbexplorer.com/sparql/",""
"SPARQLES","http://lab.environment.data.gov.au/sparql",""
"SPARQLES","http://lab3.libris.kb.se/sparql",""
"SPARQLES","http://labs.mondeca.com/endpoint/ends",""
"SPARQLES","http://ld.panlex.org/sparql",""
"SPARQLES","http://ldf.fi/ww1lod/sparql",""
"SPARQLES","http://lexinfo.net/corpora/alpino/query.php",""
"SPARQLES","http://libver.math.auth.gr/sparql",""
"SPARQLES","http://linguistic.linkeddata.es/sparql",""
"SPARQLES","http://linguistic.linkeddata.es/terminesp/sparql-editor",""
"SPARQLES","http://link.informatics.stonybrook.edu/sparql/",""
"SPARQLES","http://linked-data.org/sparql",""
"SPARQLES","http://linked.opendata.cz/sparql",""
"SPARQLES","http://linkedarc.net/sparql",""
"SPARQLES","http://linkeddata.es/resource/ldqm/sparql",""
"SPARQLES","http://linkeddata.finki.ukim.mk/sparql",""
"SPARQLES","http://linkeddata.ge.imati.cnr.it:8890/sparql",""
"SPARQLES","http://linkeddata.uriburner.com/sparql",""
"SPARQLES","http://linkeddata4.dia.fi.upm.es:8907/sparql",""
"SPARQLES","http://linkedgeodata.org/sparql/",""
"SPARQLES","http://linkedlifedata.com/sparql",""
"SPARQLES","http://linkedopencommerce.com/sparql",""
"SPARQLES","http://linkedspending.aksw.org/sparql",""
"SPARQLES","http://linkedspl.bio2rdf.org/sparql",""
"SPARQLES","http://linkedu.eu/catalogue/sparql/",""
"SPARQLES","http://lisbon.rkbexplorer.com/sparql",""
"SPARQLES","http://live.dbpedia.org/sparql",""
"SPARQLES","http://lobid.org/sparql/",""
"SPARQLES","http://lod.ac/bdls/sparql",""
"SPARQLES","http://lod.apc.gov.tw/sparql",""
"SPARQLES","http://lod.b3kat.de/sparql",""
"SPARQLES","http://lod.euscreen.eu/sparql",""
"SPARQLES","http://lod.gesis.org/thesoz/sparql",""
"SPARQLES","http://lod.hebis.de/sparql",""
"SPARQLES","http://lod.kaist.ac.kr/sparql",""
"SPARQLES","http://lod.kipo.kr/data/sparql",""
"SPARQLES","http://lod.my-eventos.com/en/services/sparql/",""
"SPARQLES","http://lod.openlinksw.com/sparql",""
"SPARQLES","http://lod.sztaki.hu/sparql",""
"SPARQLES","http://lod.xdams.org/sparql",""
"SPARQLES","http://lodstats.aksw.org/sparql",""
"SPARQLES","http://lofd.tw.rpi.edu/sparql",""
"SPARQLES","http://logd.tw.rpi.edu/sparql",""
"SPARQLES","http://lov.okfn.org/endpoint/lov",""
"SPARQLES","http://lsd.taxonconcept.org/sparql",""
"SPARQLES","http://lsr.bio2rdf.org/sparql",""
"SPARQLES","http://meducator.open.ac.uk/resourcesrestapi/rest/meducator/sparql",""
"SPARQLES","http://meharry.eagle-i.net/sparqler/sparql",""
"SPARQLES","http://mesh.bio2rdf.org/sparql",""
"SPARQLES","http://mgi.bio2rdf.org/sparql",""
"SPARQLES","http://minsky.gsi.dit.upm.es/semanticwiki/index.php/Special:SPARQLEndpoint",""
"SPARQLES","http://miuras.inf.um.es/sparql",""
"SPARQLES","http://mlode.nlp2rdf.org/sparql",""
"SPARQLES","http://modip.aueb.gr/d2rq/sparql",""
"SPARQLES","http://montana.eagle-i.net/sparqler/sparql",""
"SPARQLES","http://msm.eagle-i.net/sparqler/sparql",""
"SPARQLES","http://n-lex.publicdata.eu/sparql",""
"SPARQLES","http://ncbigene.bio2rdf.org/sparql",""
"SPARQLES","http://ndb.publink.lod2.eu/sparql",""
"SPARQLES","http://ndc.bio2rdf.org/sparql",""
"SPARQLES","http://netpath.bio2rdf.org/sparql",""
"SPARQLES","http://neuroweb.med.yale.edu:8890/sparql",""
"SPARQLES","http://newcastle.rkbexplorer.com/sparql/",""
"SPARQLES","http://nextprot.bio2rdf.org/sparql",""
"SPARQLES","http://nl.dbpedia.org/sparql",""
"SPARQLES","http://nomisma.org/sparql",""
"SPARQLES","http://notube.rkbexplorer.com/sparql",""
"SPARQLES","http://nsf.rkbexplorer.com/sparql/",""
"SPARQLES","http://oai.rkbexplorer.com/sparql/",""
"SPARQLES","http://oecd.270a.info/sparql",""
"SPARQLES","http://ohsu.eagle-i.net/sparqler/sparql",""
"SPARQLES","http://omim.bio2rdf.org/sparql",""
"SPARQLES","http://onto.beef.org.pl/sparql",""
"SPARQLES","http://onto.mondis.cz/openrdf-sesame/repositories/mondis-record-owlim",""
"SPARQLES","http://opendap.tw.rpi.edu/sparql",""
"SPARQLES","http://opendata-bundestag.de/sparql",""
"SPARQLES","http://opendata.aragon.es/sparql",""
"SPARQLES","http://opendata.ccd.uniroma2.it/LMF/sparql/select",""
"SPARQLES","http://opendatacommunities.org/sparql",""
"SPARQLES","http://openuplabs.tso.co.uk/sparql/gov-education",""
"SPARQLES","http://orphanet.bio2rdf.org/sparql",""
"SPARQLES","http://os.rkbexplorer.com/sparql/",""
"SPARQLES","http://os.services.tso.co.uk/geo/sparql",""
"SPARQLES","http://pathwaycommons.bio2rdf.org/sparql",""
"SPARQLES","http://pharmgkb.bio2rdf.org/sparql",""
"SPARQLES","http://photos.rkbexplorer.com/sparql",""
"SPARQLES","http://pid.bio2rdf.org/sparql",""
"SPARQLES","http://pisa.rkbexplorer.com/sparql/",""
"SPARQLES","http://platform.uberblic.org/api/v1/sparql",""
"SPARQLES","http://pomelo.iis.sinica.edu.tw:2020/sparql",""
"SPARQLES","http://prelex.publicdata.eu/sparql",""
"SPARQLES","http://premon.fbk.eu/sparql",""
"SPARQLES","http://provenanceweb.org/sparql",""
"SPARQLES","http://psm.eagle-i.net/sparqler/sparql",""
"SPARQLES","http://pt.dbpedia.org/sparql",""
"SPARQLES","http://pubchem.bio2rdf.org/sparql",""
"SPARQLES","http://publicspending.medialab.ntua.gr/sparql",""
"SPARQLES","http://pubmed.bio2rdf.org/sparql",""
"SPARQLES","http://purl.org/openbibliosets/iucrsparql",""
"SPARQLES","http://purl.org/twc/arrayexpress/virtuoso/sparql",""
"SPARQLES","http://purl.org/twc/hub/sparql",""
"SPARQLES","http://purl.org/weso/sparql",""
"SPARQLES","http://rae2001.rkbexplorer.com/sparql/",""
"SPARQLES","http://rdf.disgenet.org/sparql/",""
"SPARQLES","http://rdf.farmbio.uu.se/chembl/sparql",""
"SPARQLES","http://rdf.muninn-project.org/sparql",""
"SPARQLES","http://rdf.myexperiment.org/sparql/",""
"SPARQLES","http://rdf.ng-london.org.uk/raphael",""
"SPARQLES","http://rdfabout.com/sparql",""
"SPARQLES","http://reactome.bio2rdf.org/sparql",""
"SPARQLES","http://resex.rkbexplorer.com/sparql/",""
"SPARQLES","http://resource.geolba.ac.at/PoolParty/sparql/GeologicTimeScale",""
"SPARQLES","http://resource.geolba.ac.at/PoolParty/sparql/GeologicUnit",""
"SPARQLES","http://resource.geolba.ac.at/PoolParty/sparql/lithology",""
"SPARQLES","http://resource.geolba.ac.at/PoolParty/sparql/tectonicunit",""
"SPARQLES","http://resrev.ilrt.bris.ac.uk/data-server-workshop/sparql",""
"SPARQLES","http://revyu.com/sparql",""
"SPARQLES","http://rhea.bio2rdf.org/sparql",""
"SPARQLES","http://rijksmuseum.dydra.com/lizzyjongma/rijksmuseum-collection/sparql",""
"SPARQLES","http://ring.ciard.net/sparql1",""
"SPARQLES","http://risks.rkbexplorer.com/sparql/",""
"SPARQLES","http://river.styx.org/sparql",""
"SPARQLES","http://roma.rkbexplorer.com/sparql/",""
"SPARQLES","http://roni.rkbexplorer.com/sparql",""
"SPARQLES","http://ruian.linked.opendata.cz/sparql",""
"SPARQLES","http://sabiork.bio2rdf.org/sparql",""
"SPARQLES","http://seek.rkbexplorer.com/sparql/",""
"SPARQLES","http://semantic-web-journal.com:3030/sparql.tpl",""
"SPARQLES","http://semantic.ckan.net/sparql/",""
"SPARQLES","http://semantic.eea.europa.eu/sparql",""
"SPARQLES","http://semanticweb.cs.vu.nl/dss/sparql/",""
"SPARQLES","http://semanticweb.cs.vu.nl/europeana/sparql/",""
"SPARQLES","http://semanticweb.cs.vu.nl/iati/sparql/",""
"SPARQLES","http://semanticweb.cs.vu.nl/verrijktkoninkrijk/sparql/",""
"SPARQLES","http://serendipity.utpl.edu.ec/lod/sparql",""
"SPARQLES","http://services.data.gov.uk/business/sparql",""
"SPARQLES","http://services.data.gov.uk/education/sparql",""
"SPARQLES","http://services.data.gov.uk/environment/sparql",""
"SPARQLES","http://services.data.gov.uk/patents/sparql",""
"SPARQLES","http://services.data.gov.uk/reference/sparql",""
"SPARQLES","http://services.data.gov.uk/research/sparql",""
"SPARQLES","http://services.data.gov.uk/statistics/sparql",""
"SPARQLES","http://services.data.gov.uk/transport/sparql",""
"SPARQLES","http://services.data.gov/sparql",""
"SPARQLES","http://services.insemtives.eu/forest/sparql",""
"SPARQLES","http://setaria.oszk.hu/sparql",""
"SPARQLES","http://sgd.bio2rdf.org/sparql",""
"SPARQLES","http://sider.bio2rdf.org/sparql",""
"SPARQLES","http://skos.um.es/sparql/",""
"SPARQLES","http://smartlink.open.ac.uk/smartlink/sparql",""
"SPARQLES","http://soa4all.isoco.net/luf/sparql",""
"SPARQLES","http://socialarchive.iath.virginia.edu/sparql/eac",""
"SPARQLES","http://socialarchive.iath.virginia.edu/sparql/snac-viaf",""
"SPARQLES","http://sonicbanana.cs.wright.edu:8890/sparql",""
"SPARQLES","http://southampton.rkbexplorer.com/sparql/",""
"SPARQLES","http://sparql-procomun.educalab.es/",""
"SPARQLES","http://sparql.contextdatacloud.org",""
"SPARQLES","http://sparql.data.southampton.ac.uk/",""
"SPARQLES","http://sparql.jesandco.org:8890/sparql",""
"SPARQLES","http://sparql.kupkb.org/sparql",""
"SPARQLES","http://sparql.linkedopendata.it/cap",""
"SPARQLES","http://sparql.linkedopendata.it/grrp",""
"SPARQLES","http://sparql.linkedopendata.it/grrt",""
"SPARQLES","http://sparql.linkedopendata.it/istat",""
"SPARQLES","http://sparql.linkedopendata.it/loc",""
"SPARQLES","http://sparql.linkedopendata.it/los",""
"SPARQLES","http://sparql.linkedopendata.it/musei",""
"SPARQLES","http://sparql.linkedopendata.it/scuole",""
"SPARQLES","http://sparql.msc2010.org",""
"SPARQLES","http://sparql.neurocommons.org:8890/nsparql/",""
"SPARQLES","http://sparql.odw.tw",""
"SPARQLES","http://sparql.openmobilenetwork.org",""
"SPARQLES","http://sparql.reegle.info/",""
"SPARQLES","http://sparql.sindice.com/sparql",""
"SPARQLES","http://sparql.sstu.ru:3030/speciality-vocabulary/query",""
"SPARQLES","http://sparql.uniprot.org",""
"SPARQLES","http://sparql.wikipathways.org/",""
"SPARQLES","http://sparql.yovisto.com/",""
"SPARQLES","http://spatial.ucd.ie/lod/sparql",""
"SPARQLES","http://spending.lichfielddc.gov.uk/sparql",""
"SPARQLES","http://spike.bio2rdf.org/sparql",""
"SPARQLES","http://sw.unime.it:8890/sparql",""
"SPARQLES","http://symbolicdata.org:8890/sparql",""
"SPARQLES","http://taxonomy.bio2rdf.org/sparql",""
"SPARQLES","http://tcga.deri.ie",""
"SPARQLES","http://telegraphis.net/data/countries/sparql",""
"SPARQLES","http://tkm.kiom.re.kr/ontology/sparql",""
"SPARQLES","http://tour-pedia.org/sparql",""
"SPARQLES","http://transparency.270a.info/sparql",""
"SPARQLES","http://tsu.eagle-i.net/sparqler/sparql",""
"SPARQLES","http://tuskegee.eagle-i.net/sparqler/sparql",""
"SPARQLES","http://twarql.org:8890/sparql",""
"SPARQLES","http://uccaribe.eagle-i.net/sparqler/sparql",""
"SPARQLES","http://uis.270a.info/sparql",""
"SPARQLES","http://ulm.rkbexplorer.com/sparql/",""
"SPARQLES","http://unlocode.rkbexplorer.com/sparql/",""
"SPARQLES","http://unodc.publicdata.eu/sparql",""
"SPARQLES","http://upr.eagle-i.net/sparqler/sparql",""
"SPARQLES","http://utep.eagle-i.net/sparqler/sparql",""
"SPARQLES","http://utsa.eagle-i.net/sparqler/sparql",""
"SPARQLES","http://virtuoso-eurosentiment.paradigmatecnologico.com/sparql",""
"SPARQLES","http://visualdataweb.infor.uva.es/sparql",""
"SPARQLES","http://vocab.getty.edu/sparql",""
"SPARQLES","http://vocab.nerc.ac.uk/sparql/",""
"SPARQLES","http://vocabularies.unesco.org/sparql-form/",""
"SPARQLES","http://vocabulary.semantic-web.at/PoolParty/sparql/AustrianSkiTeam",""
"SPARQLES","http://vocabulary.semantic-web.at/PoolParty/sparql/OpenData",""
"SPARQLES","http://vocabulary.semantic-web.at/PoolParty/sparql/semweb",""
"SPARQLES","http://vocabulary.wolterskluwer.de/PoolParty/sparql/arbeitsrecht",""
"SPARQLES","http://vocabulary.wolterskluwer.de/PoolParty/sparql/court",""
"SPARQLES","http://webconf.rkbexplorer.com/sparql",""
"SPARQLES","http://webenemasuno.linkeddata.es/sparql",""
"SPARQLES","http://webscience.rkbexplorer.com/sparql",""
"SPARQLES","http://wiki.rkbexplorer.com/sparql/",""
"SPARQLES","http://wikidata.dbpedia.org/sparql",""
"SPARQLES","http://wikipathways.bio2rdf.org/sparql",""
"SPARQLES","http://wiktionary.dbpedia.org/sparql",""
"SPARQLES","http://wordnet.okfn.gr:8890/sparql/",""
"SPARQLES","http://wordnet.rkbexplorer.com/sparql/",""
"SPARQLES","http://worldbank.270a.info/sparql",""
"SPARQLES","http://wormbase.bio2rdf.org/sparql",""
"SPARQLES","http://www.archivesdefrance.culture.gouv.fr/thesaurus/sparql",""
"SPARQLES","http://www.auth.gr/sparql",""
"SPARQLES","http://www.crystallography.net:2020/snorql/",""
"SPARQLES","http://www.ebi.ac.uk/rdf/services/atlas/sparql",""
"SPARQLES","http://www.eclap.eu/sparql",""
"SPARQLES","http://www.icane.es/opendata/sparql",""
"SPARQLES","http://www.ida.liu.se/projects/semtech/openrdf-sesame/repositories/energy",""
"SPARQLES","http://www.imagesnippets.com/sparql/images",""
"SPARQLES","http://www.inertia-linkeddata.iti.gr:9090/inertia-endpoint/",""
"SPARQLES","http://www.influencetracker.com:8890/sparql",""
"SPARQLES","http://www.linklion.org:8890/sparql",""
"SPARQLES","http://www.lotico.com:3030/lotico/sparql",""
"SPARQLES","http://www.open-biomed.org.uk/sparql/endpoint/bdgp_20081030",""
"SPARQLES","http://www.open-biomed.org.uk/sparql/endpoint/flyatlas",""
"SPARQLES","http://www.open-biomed.org.uk/sparql/endpoint/flybase",""
"SPARQLES","http://www.open-biomed.org.uk/sparql/endpoint/flyted",""
"SPARQLES","http://www.open-biomed.org.uk/sparql/endpoint/tcm",""
"SPARQLES","http://www.opmw.org/sparql",""
"SPARQLES","http://www.rdfabout.com/sparql",""
"SPARQLES","http://www.rechercheisidore.fr/sparql",""
"SPARQLES","http://www.sparql.org/sparql.html",""
"SPARQLES","http://www4.wiwiss.fu-berlin.de/cordis/sparql",""
"SPARQLES","http://www4.wiwiss.fu-berlin.de/dailymed/sparql",""
"SPARQLES","http://www4.wiwiss.fu-berlin.de/dblp/sparql",""
"SPARQLES","http://www4.wiwiss.fu-berlin.de/diseasome/sparql",""
"SPARQLES","http://www4.wiwiss.fu-berlin.de/drugbank/sparql",""
"SPARQLES","http://www4.wiwiss.fu-berlin.de/eccompetition/sparql",""
"SPARQLES","http://www4.wiwiss.fu-berlin.de/euraxess/sparql",""
"SPARQLES","http://www4.wiwiss.fu-berlin.de/eures/sparql",""
"SPARQLES","http://www4.wiwiss.fu-berlin.de/eurostat/sparql",""
"SPARQLES","http://www4.wiwiss.fu-berlin.de/factbook/sparql",""
"SPARQLES","http://www4.wiwiss.fu-berlin.de/gutendata/sparql",""
"SPARQLES","http://www4.wiwiss.fu-berlin.de/medicare/sparql",""
"SPARQLES","http://www4.wiwiss.fu-berlin.de/sider/sparql",""
"SPARQLES","http://www4.wiwiss.fu-berlin.de/stitch/sparql",""
"SPARQLES","http://xula.eagle-i.net/sparqler/sparql",""
"SPARQLES","http://zaire.dimis.fim.uni-passau.de:8890/sparql",""
"SPARQLES","http://zbw.eu/beta/sparql/stw/query",""
"SPARQLES","http://zhishi.me/sparql",""
"SPARQLES","https://data.ox.ac.uk/sparql/",""
"SPARQLES","https://dbmi-icode-01.dbmi.pitt.edu/dikb/sparql",""
"SPARQLES","https://dbmi-icode-01.dbmi.pitt.edu/sparql",""
"SPARQLES","https://eagle-i.ea.vanderbilt.edu/sparqler/sparql",""
"SPARQLES","https://stirdf.jglobal.jst.go.jp/sparql",""
"SPARQLES","https://w3id.org/scholarlydata/sparql",""
"SPARQLES","https://www.ebi.ac.uk/rdf/services/biomodels/sparql",""
"SPARQLES","https://www.ebi.ac.uk/rdf/services/biosamples/sparql",""
"SPARQLES","https://www.ebi.ac.uk/rdf/services/chembl/sparql",""
"SPARQLES","https://www.ebi.ac.uk/rdf/services/reactome/sparql",""
"opendatamonitor.eu-ckans","http://resource.geolba.ac.at/PoolParty/sparql/GeologicUnit",""
"opendatamonitor.eu-ckans","http://resource.geolba.ac.at/PoolParty/sparql/structure",""
"opendatamonitor.eu-ckans","http://resource.geolba.ac.at/PoolParty/sparql/GeologicTimeScale",""
"opendatamonitor.eu-ckans","http://resource.geolba.ac.at/PoolParty/sparql/tectonicunit",""
"opendatamonitor.eu-ckans","http://resource.geolba.ac.at/PoolParty/sparql/lithology",""
"opendatamonitor.eu-ckans","http://opendatacommunities.org/sparql",""
"opendatamonitor.eu-ckans","http://data.surreycc.gov.uk/sparql",""
"opendatamonitor.eu-ckans","http://statistics.data.gov.uk/sparql",""
"opendatamonitor.eu-ckans","http://gov.tso.co.uk/coins/sparql",""
"opendatamonitor.eu-ckans","http://openuplabs.tso.co.uk/sparql/gov-coins",""
"opendatamonitor.eu-ckans","http://openuplabs.tso.co.uk/?url=http://gov.tso.co.uk/legislation/sparql",""
"opendatamonitor.eu-ckans","http://webarchive.nationalarchives.gov.uk/+/http://gov.tso.co.uk/legislation/sparql",""
"opendatamonitor.eu-ckans","http://linked-development.org/sparql",""
"opendatamonitor.eu-ckans","http://bnb.data.bl.uk/sparql",""
"opendatamonitor.eu-ckans","http://linguistic.linkeddata.es/apertium/sparql-editor/",""
"opendatamonitor.eu-ckans","http://linguistic.linkeddata.es/sparql/",""
"opendatamonitor.eu-ckans","http://vocab.getty.edu/sparql",""
"opendatamonitor.eu-ckans","http://collection.britishmuseum.org/Sparql",""
"opendatamonitor.eu-ckans","http://opendata.computas.no:7011/joseki",""
"opendatamonitor.eu-ckans","http://risp.asturias.es/sparql",""
"opendatamonitor.eu-ckans","https://ckannet-storage.commondatastorage.googleapis.com/2014-05-27T19:10:22.652Z/dogdb-queries-tar.gz",""
"opendatamonitor.eu-ckans","http://semantic.eea.europa.eu/sparql",""
"opendatamonitor.eu-ckans","http://gho.aksw.org/sparql",""
"opendatamonitor.eu-ckans","http://ontology.irstea.fr/weather/snorql/",""
"opendatamonitor.eu-ckans","http://kdata.kr/sparql",""
"opendatamonitor.eu-ckans","http://us.patents.aksw.org/sparql",""
"opendatamonitor.eu-ckans","http://sparql.linkedopendata.it/scuole",""
"opendatamonitor.eu-ckans","http://lod.nl.go.kr/sparql",""
"opendatamonitor.eu-ckans","http://data.lirmm.fr/openrdf-workbench/repositories/Passim/query",""
"opendatamonitor.eu-ckans","http://arcdev.housing.salle.url.edu/repener/sparql",""
"opendatamonitor.eu-ckans","http://triples.cerch.kcl.ac.uk:51515/sparql",""
"opendatamonitor.eu-ckans","http://digitale.bncf.firenze.sbn.it/openrdf-workbench/repositories/NS/saved-queries",""
"opendatamonitor.eu-ckans","http://opendata.caceres.es/sparql/",""
"opendatamonitor.eu-ckans","http://lobid.org/sparql/",""
"opendatamonitor.eu-ckans","http://europeana.ontotext.com/sparql",""
"opendatamonitor.eu-ckans","http://www.rdfabout.com/sparql",""
"opendatamonitor.eu-ckans","http://visualdataweb.infor.uva.es/sparql",""
"opendatamonitor.eu-ckans","http://abs.270a.info/sparql",""
"opendatamonitor.eu-ckans","http://91.239.64.176:8890/sparql",""
"opendatamonitor.eu-ckans","http://lab.environment.data.gov.au/sparql",""
"opendatamonitor.eu-ckans","http://aemet.linkeddata.es/sparql",""
"opendatamonitor.eu-ckans","http://agrinepaldata.com/sparql",""
"opendatamonitor.eu-ckans","http://202.45.139.84:10035/catalogs/fao/repositories/agris",""
"opendatamonitor.eu-ckans","http://202.45.139.84:10035/catalogs/fao/repositories/agrovoc",""
"opendatamonitor.eu-ckans","http://aksw.org/sparql",""
"opendatamonitor.eu-ckans","http://adl-gazetteer.geog.ucsb.edu:3030/adl/sparql",""
"opendatamonitor.eu-ckans","http://aliada.scanbit.net:8891/sparql",""
"opendatamonitor.eu-ckans","http://data.allie.dbcls.jp/sparql",""
"opendatamonitor.eu-ckans","http://lexinfo.net/corpora/alpino/query.php",""
"opendatamonitor.eu-ckans","http://api.aucklandmuseum.com",""
"opendatamonitor.eu-ckans","http://imash.leeds.ac.uk:8080/openrdf-workbench/repositories/AMOnSPARQL/",""
"opendatamonitor.eu-ckans","http://semanticweb.cs.vu.nl/europeana/sparql/",""
"opendatamonitor.eu-ckans","http://opendata.aragon.es/sparql",""
"opendatamonitor.eu-ckans","http://data.archiveshub.ac.uk/sparql",""
"opendatamonitor.eu-ckans","http://dati.isma.roma.it/sparql/",""
"opendatamonitor.eu-ckans","http://data.ariadne-eu.org/sparql.tpl",""
"opendatamonitor.eu-ckans","http://www.auth.gr/sparql",""
"opendatamonitor.eu-ckans","http://purl.org/twc/arrayexpress/virtuoso/sparql",""
"opendatamonitor.eu-ckans","http://sparql.jesandco.org:8890/sparql",""
"opendatamonitor.eu-ckans","http://linked.opendata.cz/sparql",""
"opendatamonitor.eu-ckans","http://modip.aueb.gr/d2rq/sparql",""
"opendatamonitor.eu-ckans","http://vocabulary.semantic-web.at/PoolParty/sparql/AustrianSkiTeam",""
"opendatamonitor.eu-ckans","http://lod.b3kat.de/sparql",""
"opendatamonitor.eu-ckans","http://babelnet.org/sparql/",""
"opendatamonitor.eu-ckans","http://api.talis.com/stores/bbc-backstage/services/sparql",""
"opendatamonitor.eu-ckans","http://api.talis.com/stores/bbc-wildlife/services/sparql",""
"opendatamonitor.eu-ckans","http://www.open-biomed.org.uk/sparql/endpoint/bdgp_20081030",""
"opendatamonitor.eu-ckans","http://fintrans.publicdata.eu/sparql",""
"opendatamonitor.eu-ckans","http://bfs.270a.info/sparql",""
"opendatamonitor.eu-ckans","http://data.bibbase.org:2020/sparql",""
"opendatamonitor.eu-ckans","http://afcsid.bio2rdf.org/sparql",""
"opendatamonitor.eu-ckans","http://affymetrix.bio2rdf.org/sparql",""
"opendatamonitor.eu-ckans","http://biomodels.bio2rdf.org/sparql",""
"opendatamonitor.eu-ckans","http://biopax.biomodels.bio2rdf.org/sparql",""
"opendatamonitor.eu-ckans","http://bioportal.bio2rdf.org/sparql",""
"opendatamonitor.eu-ckans","http://chembl.bio2rdf.org/sparql",""
"opendatamonitor.eu-ckans","http://clinicaltrials.bio2rdf.org/sparql",""
"opendatamonitor.eu-ckans","http://ctd.bio2rdf.org/sparql",""
"opendatamonitor.eu-ckans","http://dbsnp.bio2rdf.org/sparql",""
"opendatamonitor.eu-ckans","http://drugbank.bio2rdf.org/sparql",""
"opendatamonitor.eu-ckans","http://genage.bio2rdf.org/sparql",""
"opendatamonitor.eu-ckans","http://genbank.bio2rdf.org/sparql",""
"opendatamonitor.eu-ckans","http://gendr.bio2rdf.org/sparql",""
"opendatamonitor.eu-ckans","http://goa.bio2rdf.org/sparql",""
"opendatamonitor.eu-ckans","http://hgnc.bio2rdf.org/sparql",""
"opendatamonitor.eu-ckans","http://homologene.bio2rdf.org/sparql",""
"opendatamonitor.eu-ckans","http://inoh.bio2rdf.org/sparql",""
"opendatamonitor.eu-ckans","http://interpro.bio2rdf.org/sparql",""
"opendatamonitor.eu-ckans","http://iproclass.bio2rdf.org/sparql",""
"opendatamonitor.eu-ckans","http://irefindex.bio2rdf.org/sparql",""
"opendatamonitor.eu-ckans","http://kegg.bio2rdf.org/sparql",""
"opendatamonitor.eu-ckans","http://biopax.kegg.bio2rdf.org/sparql",""
"opendatamonitor.eu-ckans","http://linkedspl.bio2rdf.org/sparql",""
"opendatamonitor.eu-ckans","http://lsr.bio2rdf.org/sparql",""
"opendatamonitor.eu-ckans","http://mesh.bio2rdf.org/sparql",""
"opendatamonitor.eu-ckans","http://mgi.bio2rdf.org/sparql",""
"opendatamonitor.eu-ckans","http://ncbigene.bio2rdf.org/sparql",""
"opendatamonitor.eu-ckans","http://ndc.bio2rdf.org/sparql",""
"opendatamonitor.eu-ckans","http://netpath.bio2rdf.org/sparql",""
"opendatamonitor.eu-ckans","http://nextprot.bio2rdf.org/sparql",""
"opendatamonitor.eu-ckans","http://omim.bio2rdf.org/sparql",""
"opendatamonitor.eu-ckans","http://orphanet.bio2rdf.org/sparql",""
"opendatamonitor.eu-ckans","http://pathwaycommons.bio2rdf.org/sparql",""
"opendatamonitor.eu-ckans","http://pharmgkb.bio2rdf.org/sparql",""
"opendatamonitor.eu-ckans","http://biopax.pharmgkb.bio2rdf.org/sparql",""
"opendatamonitor.eu-ckans","http://pid.bio2rdf.org/sparql",""
"opendatamonitor.eu-ckans","http://pubchem.bio2rdf.org/sparql",""
"opendatamonitor.eu-ckans","http://pubmed.bio2rdf.org/sparql",""
"opendatamonitor.eu-ckans","http://reactome.bio2rdf.org/sparql",""
"opendatamonitor.eu-ckans","http://rhea.bio2rdf.org/sparql",""
"opendatamonitor.eu-ckans","http://sabiork.bio2rdf.org/sparql",""
"opendatamonitor.eu-ckans","http://sgd.bio2rdf.org/sparql",""
"opendatamonitor.eu-ckans","http://sider.bio2rdf.org/sparql",""
"opendatamonitor.eu-ckans","http://spike.bio2rdf.org/sparql",""
"opendatamonitor.eu-ckans","http://taxonomy.bio2rdf.org/sparql",""
"opendatamonitor.eu-ckans","http://wikipathways.bio2rdf.org/sparql",""
"opendatamonitor.eu-ckans","http://wormbase.bio2rdf.org/sparql",""
"opendatamonitor.eu-ckans","http://logd.tw.rpi.edu/sparql",""
"opendatamonitor.eu-ckans","http://biolit.rkbexplorer.com/sparql",""
"opendatamonitor.eu-ckans","https://www.ebi.ac.uk/rdf/services/biomodels/sparql",""
"opendatamonitor.eu-ckans","https://www.ebi.ac.uk/rdf/services/biosamples/sparql",""
"opendatamonitor.eu-ckans","http://bis.270a.info/sparql",""
"opendatamonitor.eu-ckans","http://helheim.deusto.es/bizkaisense/sparql",""
"opendatamonitor.eu-ckans","http://dati.camera.it/sparql",""
"opendatamonitor.eu-ckans","http://api.kasabi.com/dataset/bricklink/apis/sparql",""
"opendatamonitor.eu-ckans","http://opendata-bundestag.de/sparql",""
"opendatamonitor.eu-ckans","http://services.data.gov.uk/business/sparql",""
"opendatamonitor.eu-ckans","http://river.styx.org/sparql",""
"opendatamonitor.eu-ckans","http://sparql.linkedopendata.it/cap",""
"opendatamonitor.eu-ckans","http://catalogus-professorum.org/sparql",""
"opendatamonitor.eu-ckans","http://chebi.bio2rdf.org/sparql",""
"opendatamonitor.eu-ckans","https://www.ebi.ac.uk/rdf/services/chembl/sparql",""
"opendatamonitor.eu-ckans","http://semantic.ckan.net/sparql/",""
"opendatamonitor.eu-ckans","http://sparql.reegle.info/",""
"opendatamonitor.eu-ckans","http://zaire.dimis.fim.uni-passau.de:8890/sparql",""
"opendatamonitor.eu-ckans","http://www.crystallography.net:2020/snorql/",""
"opendatamonitor.eu-ckans","http://colinda.org/endpoint.php",""
"opendatamonitor.eu-ckans","http://data.colinda.org/endpoint.php",""
"opendatamonitor.eu-ckans","http://purl.org/weso/sparql",""
"opendatamonitor.eu-ckans","http://data.copac.ac.uk/sparql",""
"opendatamonitor.eu-ckans","http://core.kmi.open.ac.uk/squery",""
"opendatamonitor.eu-ckans","http://eris.okfn.org/sparql",""
"opendatamonitor.eu-ckans","http://vocabulary.wolterskluwer.de/PoolParty/sparql/court",""
"opendatamonitor.eu-ckans","http://156.35.31.156/sparql",""
"opendatamonitor.eu-ckans","http://140.109.28.64:2020/sparql",""
"opendatamonitor.eu-ckans","http://crtm.linkeddata.es/sparql",""
"opendatamonitor.eu-ckans","http://crystaleye.ch.cam.ac.uk/sparql/",""
"opendatamonitor.eu-ckans","http://data.fundacionctic.org/sparql",""
"opendatamonitor.eu-ckans","http://cultura.linkeddata.es/sparql",""
"opendatamonitor.eu-ckans","https://linked.opendata.cz/sparql",""
"opendatamonitor.eu-ckans","https://nkod.opendata.cz/sparql",""
"opendatamonitor.eu-ckans","https://ruian.linked.opendata.cz/sparql",""
"opendatamonitor.eu-ckans","http://data.cnr.it/sparql-proxy/",""
"opendatamonitor.eu-ckans","http://services.data.gov/sparql",""
"opendatamonitor.eu-ckans","http://data-gov.ie/sparql",""
"opendatamonitor.eu-ckans","http://data.hnm.hu/sparql",""
"opendatamonitor.eu-ckans","http://api.talis.com/stores/climb/services/sparql",""
"opendatamonitor.eu-ckans","http://api.talis.com/stores/metoffice/services/sparql",""
"opendatamonitor.eu-ckans","http://api.talis.com/stores/moseley/services/sparql",""
"opendatamonitor.eu-ckans","http://api.talis.com/stores/musicbrainz/services/sparql",""
"opendatamonitor.eu-ckans","http://api.kasabi.com/dataset/nasa/apis/sparql",""
"opendatamonitor.eu-ckans","http://api.talis.com/stores/airports/services/sparql",""
"opendatamonitor.eu-ckans","http://api.talis.com/stores/pokedex/services/sparql",""
"opendatamonitor.eu-ckans","http://api.talis.com/stores/smcjournals/services/sparql",""
"opendatamonitor.eu-ckans","http://data.open.ac.uk/query",""
"opendatamonitor.eu-ckans","http://sparql.data.southampton.ac.uk/",""
"opendatamonitor.eu-ckans","http://data.szepmuveszeti.hu/sparql",""
"opendatamonitor.eu-ckans","http://datos.artium.org/sparql",""
"opendatamonitor.eu-ckans","http://datos.bcn.cl/sparql",""
"opendatamonitor.eu-ckans","http://datos.bne.es/sparql",""
"opendatamonitor.eu-ckans","http://kaiko.getalp.org/sparql",""
"opendatamonitor.eu-ckans","http://dbpedia.org/sparql",""
"opendatamonitor.eu-ckans","http://commons.dbpedia.org/sparql",""
"opendatamonitor.eu-ckans","http://de.dbpedia.org/sparql",""
"opendatamonitor.eu-ckans","http://el.dbpedia.org/sparql",""
"opendatamonitor.eu-ckans","http://es.dbpedia.org/sparql",""
"opendatamonitor.eu-ckans","http://eu.dbpedia.org/sparql",""
"opendatamonitor.eu-ckans","http://fr.dbpedia.org/sparql",""
"opendatamonitor.eu-ckans","http://ja.dbpedia.org/sparql",""
"opendatamonitor.eu-ckans","http://live.dbpedia.org/sparql",""
"opendatamonitor.eu-ckans","http://nl.dbpedia.org/sparql",""
"opendatamonitor.eu-ckans","http://pt.dbpedia.org/sparql",""
"opendatamonitor.eu-ckans","http://wikidata.dbpedia.org/sparql",""
"opendatamonitor.eu-ckans","http://dbtune.org/classical/sparql/",""
"opendatamonitor.eu-ckans","http://dbtune.org/bbc/peel/sparql/",""
"opendatamonitor.eu-ckans","http://dbtune.org/magnatune/sparql/",""
"opendatamonitor.eu-ckans","http://dbtune.org/musicbrainz/sparql",""
"opendatamonitor.eu-ckans","http://dbtune.org/myspace/sparql/",""
"opendatamonitor.eu-ckans","http://gov.tso.co.uk/dclg/sparql",""
"opendatamonitor.eu-ckans","http://data.lod2.eu/sparql",""
"opendatamonitor.eu-ckans","http://ndb.publink.lod2.eu/sparql",""
"opendatamonitor.eu-ckans","http://dewey.info/sparql.php",""
"opendatamonitor.eu-ckans","http://rdf.disgenet.org/sparql/",""
"opendatamonitor.eu-ckans","http://linkeddata.finki.ukim.mk/sparql",""
"opendatamonitor.eu-ckans","http://data.duraark.eu/sparql",""
"opendatamonitor.eu-ckans","http://doc.metalex.eu:8000/sparql/",""
"opendatamonitor.eu-ckans","http://dutchshipsandsailors.nl/data/sparql/",""
"opendatamonitor.eu-ckans","http://semanticweb.cs.vu.nl/dss/sparql/",""
"opendatamonitor.eu-ckans","http://alaska.eagle-i.net/sparqler/sparql",""
"opendatamonitor.eu-ckans","http://cau.eagle-i.net/sparqler/sparql",""
"opendatamonitor.eu-ckans","http://ccny-cuny.eagle-i.net/sparqler/sparql",""
"opendatamonitor.eu-ckans","http://cdrewu.eagle-i.net/sparqler/sparql",""
"opendatamonitor.eu-ckans","http://dartmouth.eagle-i.net/sparqler/sparql",""
"opendatamonitor.eu-ckans","http://famu.eagle-i.net/sparqler/sparql",""
"opendatamonitor.eu-ckans","http://harvard.eagle-i.net/sparqler/sparql",""
"opendatamonitor.eu-ckans","http://hawaii.eagle-i.net/sparqler/sparql",""
"opendatamonitor.eu-ckans","http://howard.eagle-i.net/sparqler/sparql",""
"opendatamonitor.eu-ckans","http://hunter-cuny.eagle-i.net/sparqler/sparql",""
"opendatamonitor.eu-ckans","http://jsu.eagle-i.net/sparqler/sparql",""
"opendatamonitor.eu-ckans","http://meharry.eagle-i.net/sparqler/sparql",""
"opendatamonitor.eu-ckans","http://montana.eagle-i.net/sparqler/sparql",""
"opendatamonitor.eu-ckans","http://msm.eagle-i.net/sparqler/sparql",""
"opendatamonitor.eu-ckans","http://ohsu.eagle-i.net/sparqler/sparql",""
"opendatamonitor.eu-ckans","http://psm.eagle-i.net/sparqler/sparql",""
"opendatamonitor.eu-ckans","http://tsu.eagle-i.net/sparqler/sparql",""
"opendatamonitor.eu-ckans","http://tuskegee.eagle-i.net/sparqler/sparql",""
"opendatamonitor.eu-ckans","http://uccaribe.eagle-i.net/sparqler/sparql",""
"opendatamonitor.eu-ckans","http://upr.eagle-i.net/sparqler/sparql",""
"opendatamonitor.eu-ckans","http://utep.eagle-i.net/sparqler/sparql",""
"opendatamonitor.eu-ckans","http://utsa.eagle-i.net/sparqler/sparql",""
"opendatamonitor.eu-ckans","https://eagle-i.ea.vanderbilt.edu/sparqler/sparql",""
"opendatamonitor.eu-ckans","http://xula.eagle-i.net/sparqler/sparql",""
"opendatamonitor.eu-ckans","http://ecb.270a.info/sparql",""
"opendatamonitor.eu-ckans","http://ecb.publicdata.eu/sparql",""
"opendatamonitor.eu-ckans","http://api.kasabi.com/dataset/ecco-tcp-eighteenth-century-collections-online-texts/apis/sparql",""
"opendatamonitor.eu-ckans","http://www.eclap.eu/sparql",""
"opendatamonitor.eu-ckans","http://kent.zpr.fer.hr:8080/educationalProgram/sparql",""
"opendatamonitor.eu-ckans","http://services.data.gov.uk/education/sparql",""
"opendatamonitor.eu-ckans","http://openuplabs.tso.co.uk/sparql/gov-education",""
"opendatamonitor.eu-ckans","http://cr.eionet.europa.eu/sparql",""
"opendatamonitor.eu-ckans","http://data.ege.edu.tr/ep/sparql",""
"opendatamonitor.eu-ckans","http://edit.elte.hu/sparql",""
"opendatamonitor.eu-ckans","http://webenemasuno.linkeddata.es/sparql",""
"opendatamonitor.eu-ckans","http://www.ida.liu.se/projects/semtech/openrdf-sesame/repositories/energy",""
"opendatamonitor.eu-ckans","http://heritagedata.org/live/sparql",""
"opendatamonitor.eu-ckans","http://api.kasabi.com/dataset/english-heritage/apis/sparql",""
"opendatamonitor.eu-ckans","http://enipedia.tudelft.nl/sparql",""
"opendatamonitor.eu-ckans","http://environment.data.gov.uk/sparql/bwq/query",""
"opendatamonitor.eu-ckans","http://linkeddata.ge.imati.cnr.it:8890/sparql",""
"opendatamonitor.eu-ckans","http://services.data.gov.uk/environment/sparql",""
"opendatamonitor.eu-ckans","http://epo.publicdata.eu/sparql",""
"opendatamonitor.eu-ckans","http://foreign.rkbexplorer.com/sparql/",""
"opendatamonitor.eu-ckans","http://agencies.publicdata.eu/sparql",""
"opendatamonitor.eu-ckans","http://api.talis.com/stores/eumida/services/sparql",""
"opendatamonitor.eu-ckans","http://api.talis.com/stores/eupmedia/services/sparql",""
"opendatamonitor.eu-ckans","http://eur-lex.publicdata.eu/sparql",""
"opendatamonitor.eu-ckans","http://api.talis.com/stores/eurobarometer/services/sparql",""
"opendatamonitor.eu-ckans","http://api.talis.com/stores/elections/services/sparql",""
"opendatamonitor.eu-ckans","http://virtuoso-eurosentiment.paradigmatecnologico.com/sparql",""
"opendatamonitor.eu-ckans","http://idi.fundacionctic.org/classifications_endpoint/eurovoc",""
"opendatamonitor.eu-ckans","http://lod.euscreen.eu/sparql",""
"opendatamonitor.eu-ckans","http://api.talis.com/stores/eutc-productions/services/sparql",""
"opendatamonitor.eu-ckans","http://api.talis.com/stores/whoiswho/services/sparql",""
"opendatamonitor.eu-ckans","http://eventmedia.eurecom.fr/sparql",""
"opendatamonitor.eu-ckans","http://eculture2.cs.vu.nl:8890/sparql",""
"opendatamonitor.eu-ckans","http://factforge.net/sparql",""
"opendatamonitor.eu-ckans","http://fao.270a.info/sparql",""
"opendatamonitor.eu-ckans","http://rdf.farmbio.uu.se/chembl/sparql",""
"opendatamonitor.eu-ckans","http://farolas.linkeddata.es/sparql",""
"opendatamonitor.eu-ckans","http://http://crashmap.okfn.gr:8890/sparql",""
"opendatamonitor.eu-ckans","http://api.kasabi.com/dataset/federal-reserve-economic-data/apis/sparql",""
"opendatamonitor.eu-ckans","http://www.open-biomed.org.uk/sparql/endpoint/flybase",""
"opendatamonitor.eu-ckans","http://www.open-biomed.org.uk/sparql/endpoint/flyted",""
"opendatamonitor.eu-ckans","http://kasabi.com/api/sparql-endpoint-foodista",""
"opendatamonitor.eu-ckans","http://api.kasabi.com/dataset/foodista/apis/sparql",""
"opendatamonitor.eu-ckans","http://foodpedia.tk/sparql",""
"opendatamonitor.eu-ckans","http://data.linkedu.eu/forge/query",""
"opendatamonitor.eu-ckans","http://frb.270a.info/sparql",""
"opendatamonitor.eu-ckans","http://www4.wiwiss.fu-berlin.de/cordis/sparql",""
"opendatamonitor.eu-ckans","http://www4.wiwiss.fu-berlin.de/dailymed/sparql",""
"opendatamonitor.eu-ckans","http://www4.wiwiss.fu-berlin.de/dblp/sparql",""
"opendatamonitor.eu-ckans","http://www4.wiwiss.fu-berlin.de/diseasome/sparql",""
"opendatamonitor.eu-ckans","http://www4.wiwiss.fu-berlin.de/drugbank/sparql",""
"opendatamonitor.eu-ckans","http://www4.wiwiss.fu-berlin.de/eccompetition/sparql",""
"opendatamonitor.eu-ckans","http://www4.wiwiss.fu-berlin.de/euraxess/sparql",""
"opendatamonitor.eu-ckans","http://www4.wiwiss.fu-berlin.de/eures/sparql",""
"opendatamonitor.eu-ckans","http://www4.wiwiss.fu-berlin.de/eurostat/sparql",""
"opendatamonitor.eu-ckans","http://www4.wiwiss.fu-berlin.de/medicare/sparql",""
"opendatamonitor.eu-ckans","http://www4.wiwiss.fu-berlin.de/gutendata/sparql",""
"opendatamonitor.eu-ckans","http://www4.wiwiss.fu-berlin.de/sider/sparql",""
"opendatamonitor.eu-ckans","http://www4.wiwiss.fu-berlin.de/stitch/sparql",""
"opendatamonitor.eu-ckans","http://cr3.eionet.europa.eu/sparql",""
"opendatamonitor.eu-ckans","http://www.ebi.ac.uk/rdf/services/atlas/sparql",""
"opendatamonitor.eu-ckans","http://os.services.tso.co.uk/geo/sparql",""
"opendatamonitor.eu-ckans","http://geo.linkeddata.es/sparql",""
"opendatamonitor.eu-ckans","http://lsd.taxonconcept.org/sparql",""
"opendatamonitor.eu-ckans","http://vocabulary.wolterskluwer.de/PoolParty/sparql/arbeitsrecht",""
"opendatamonitor.eu-ckans","http://lod.gesis.org/thesoz/sparql",""
"opendatamonitor.eu-ckans","http://ckan.eurohelp.es:8890/sparql",""
"opendatamonitor.eu-ckans","http://data.globalchange.gov/sparql",""
"opendatamonitor.eu-ckans","http://extbi.lab.aau.dk/sparql/",""
"opendatamonitor.eu-ckans","http://govwild.org/sparql",""
"opendatamonitor.eu-ckans","http://wordnet.okfn.gr:8890/sparql/",""
"opendatamonitor.eu-ckans","http://sparql.linkedopendata.it/grrp",""
"opendatamonitor.eu-ckans","http://sparql.linkedopendata.it/grrt",""
"opendatamonitor.eu-ckans","http://hcls.deri.org/sparql",""
"opendatamonitor.eu-ckans","http://lod.hebis.de/sparql",""
"opendatamonitor.eu-ckans","http://helheim.deusto.es/hedatuz/sparql",""
"opendatamonitor.eu-ckans","http://greek-lod.auth.gr/fire-brigade/sparql",""
"opendatamonitor.eu-ckans","http://greek-lod.auth.gr/police/sparql",""
"opendatamonitor.eu-ckans","http://data.noticias.universia.net/d2r-server/snorql/",""
"opendatamonitor.eu-ckans","http://data.linkedu.eu/hud/query",""
"opendatamonitor.eu-ckans","http://setaria.oszk.hu/sparql",""
"opendatamonitor.eu-ckans","http://semanticweb.cs.vu.nl/iati/sparql/",""
"opendatamonitor.eu-ckans","http://www.icane.es/opendata/sparql",""
"opendatamonitor.eu-ckans","http://ichoose.tw.rpi.edu/sparql",""
"opendatamonitor.eu-ckans","http://identifiers.org/services/sparql",""
"opendatamonitor.eu-ckans","http://mlode.nlp2rdf.org/sparql",""
"opendatamonitor.eu-ckans","http://sparql.odw.tw",""
"opendatamonitor.eu-ckans","http://www.imagesnippets.com/sparql/images",""
"opendatamonitor.eu-ckans","http://imf.270a.info/sparql",""
"opendatamonitor.eu-ckans","http://www.inertia-linkeddata.iti.gr:9090/inertia-endpoint/",""
"opendatamonitor.eu-ckans","http://www.influencetracker.com:8890/sparql",""
"opendatamonitor.eu-ckans","http://data.ngii.go.kr/SPARQL/sparql",""
"opendatamonitor.eu-ckans","http://greek-lod.math.auth.gr/intervalue/sparql",""
"opendatamonitor.eu-ckans","http://iserve.kmi.open.ac.uk/iserve/sparql",""
"opendatamonitor.eu-ckans","http://156.35.82.103/sparql",""
"opendatamonitor.eu-ckans","http://www.rechercheisidore.fr/sparql",""
"opendatamonitor.eu-ckans","http://dati.isprambiente.it/sparql",""
"opendatamonitor.eu-ckans","http://sparql.linkedopendata.it/istat",""
"opendatamonitor.eu-ckans","http://purl.org/openbibliosets/iucrsparql",""
"opendatamonitor.eu-ckans","http://dbtune.org/jamendo/sparql/",""
"opendatamonitor.eu-ckans","https://stirdf.jglobal.jst.go.jp/sparql",""
"opendatamonitor.eu-ckans","http://202.73.13.50:55824/catalogs/performance/repositories/jita",""
"opendatamonitor.eu-ckans","http://api.talis.com/stores/jgoodwin-genealogy/services/sparql",""
"opendatamonitor.eu-ckans","http://greek-lod.math.auth.gr/kalikratis/sparql",""
"opendatamonitor.eu-ckans","http://api.kasabi.com/dataset/openflights-routes/apis/sparql",""
"opendatamonitor.eu-ckans","http://sonicbanana.cs.wright.edu:8890/sparql",""
"opendatamonitor.eu-ckans","http://lod.kipo.kr/data/sparql",""
"opendatamonitor.eu-ckans","http://lod.kaist.ac.kr/sparql",""
"opendatamonitor.eu-ckans","http://sparql.kupkb.org/sparql",""
"opendatamonitor.eu-ckans","http://dblp.l3s.de/d2r/sparql",""
"opendatamonitor.eu-ckans","http://data.linkededucation.org/request/lak-conference/sparql",""
"opendatamonitor.eu-ckans","http://kwijibo.talis.com/latc-linksets/sparql",""
"opendatamonitor.eu-ckans","http://corpora.nlp2rdf.org/sparql",""
"opendatamonitor.eu-ckans","http://linkeddata.es/resource/ldqm/sparql",""
"opendatamonitor.eu-ckans","http://gov.tso.co.uk/legislation/sparql",""
"opendatamonitor.eu-ckans","http://demo.spraakdata.gu.se/ltlod/test/",""
"opendatamonitor.eu-ckans","http://lab3.libris.kb.se/sparql",""
"opendatamonitor.eu-ckans","http://libver.math.auth.gr/sparql",""
"opendatamonitor.eu-ckans","http://spending.lichfielddc.gov.uk/sparql",""
"opendatamonitor.eu-ckans","http://linkedarc.net/sparql",""
"opendatamonitor.eu-ckans","http://sparql.contextdatacloud.org",""
"opendatamonitor.eu-ckans","http://data.linkedct.org/sparql",""
"opendatamonitor.eu-ckans","http://linkedgeodata.org/sparql/",""
"opendatamonitor.eu-ckans","http://api.talis.com/stores/rsinger-dev4/services/sparql",""
"opendatamonitor.eu-ckans","http://linkedlifedata.com/sparql",""
"opendatamonitor.eu-ckans","http://data.logainm.ie/sparql",""
"opendatamonitor.eu-ckans","http://data.linkedmdb.org/sparql",""
"opendatamonitor.eu-ckans","http://data.aalto.fi/sparql",""
"opendatamonitor.eu-ckans","http://sparql.linkedopendata.it/loc",""
"opendatamonitor.eu-ckans","http://linkedopencommerce.com/sparql",""
"opendatamonitor.eu-ckans","http://ecowlim.tfri.gov.tw/sparql/query",""
"opendatamonitor.eu-ckans","http://sparql.linkedopendata.it/los",""
"opendatamonitor.eu-ckans","http://lov.okfn.org/endpoint/lov",""
"opendatamonitor.eu-ckans","http://linkedspending.aksw.org/sparql",""
"opendatamonitor.eu-ckans","http://helheim.deusto.es/linkedstats/sparql",""
"opendatamonitor.eu-ckans","https://dbmi-icode-01.dbmi.pitt.edu/sparql",""
"opendatamonitor.eu-ckans","http://tcga.deri.ie",""
"opendatamonitor.eu-ckans","http://linkedu.eu/catalogue/sparql/",""
"opendatamonitor.eu-ckans","http://soa4all.isoco.net/luf/sparql",""
"opendatamonitor.eu-ckans","http://www.linklion.org:8890/sparql",""
"opendatamonitor.eu-ckans","http://id.sgcb.mcu.es/sparql",""
"opendatamonitor.eu-ckans","http://lod.ac/bdls/sparql",""
"opendatamonitor.eu-ckans","http://lod.my-eventos.com/en/services/sparql/",""
"opendatamonitor.eu-ckans","http://lodstats.aksw.org/sparql",""
"opendatamonitor.eu-ckans","http://data.uni-muenster.de/sparql",""
"opendatamonitor.eu-ckans","http://lofd.tw.rpi.edu/sparql",""
"opendatamonitor.eu-ckans","http://sw.unime.it:8890/sparql",""
"opendatamonitor.eu-ckans","http://api.talis.com/stores/datagovuk/services/sparql",""
"opendatamonitor.eu-ckans","http://www.lotico.com:3030/lotico/sparql",""
"opendatamonitor.eu-ckans","http://geografia.ideca.gov.co/fuseki/dataset.html?tab=query&ds=/inf",""
"opendatamonitor.eu-ckans","http://api.talis.com/stores/massobservation/services/sparql",""
"opendatamonitor.eu-ckans","http://meducator.open.ac.uk/resourcesrestapi/rest/meducator/sparql",""
"opendatamonitor.eu-ckans","http://onto.mondis.cz/openrdf-sesame/repositories/mondis-record-owlim",""
"opendatamonitor.eu-ckans","http://apps.morelab.deusto.es/labman/sparql",""
"opendatamonitor.eu-ckans","http://sparql.msc2010.org",""
"opendatamonitor.eu-ckans","http://rdf.muninn-project.org/sparql",""
"opendatamonitor.eu-ckans","http://sparql.linkedopendata.it/musei",""
"opendatamonitor.eu-ckans","http://api.kasabi.com/dataset/musicnet/apis/sparql",""
"opendatamonitor.eu-ckans","http://rdf.myexperiment.org/sparql/",""
"opendatamonitor.eu-ckans","http://futurewavehosting.com:3030/my-family-lineage/sparql",""
"opendatamonitor.eu-ckans","http://id.ndl.go.jp/auth/ndla/",""
"opendatamonitor.eu-ckans","http://id.ndl.go.jp/auth/ndlsh/",""
"opendatamonitor.eu-ckans","http://sparql.neurocommons.org:8890/nsparql/",""
"opendatamonitor.eu-ckans","http://n-lex.publicdata.eu/sparql",""
"opendatamonitor.eu-ckans","http://data.nobelprize.org/sparql",""
"opendatamonitor.eu-ckans","http://nomisma.org/sparql",""
"opendatamonitor.eu-ckans","http://data.lenka.no/sparql",""
"opendatamonitor.eu-ckans","http://data.nature.com/query",""
"opendatamonitor.eu-ckans","http://api.talis.com/stores/gunnbib-digitalmanuskripter/sparql",""
"opendatamonitor.eu-ckans","http://api.talis.com/stores/nvd/services/sparql",""
"opendatamonitor.eu-ckans","http://vocab.nerc.ac.uk/sparql/",""
"opendatamonitor.eu-ckans","http://data.oceandrilling.org/sparql",""
"opendatamonitor.eu-ckans","http://data.opendiscoveryspace.eu/sparql.tpl",""
"opendatamonitor.eu-ckans","http://oecd.270a.info/sparql",""
"opendatamonitor.eu-ckans","http://miuras.inf.um.es/sparql",""
"opendatamonitor.eu-ckans","http://onto.beef.org.pl/sparql",""
"opendatamonitor.eu-ckans","http://www.open-biomed.org.uk/sparql/endpoint/flyatlas",""
"opendatamonitor.eu-ckans","http://data.linkedu.eu/ocw/query",""
"opendatamonitor.eu-ckans","http://data.utpl.edu.ec/ecuadorresearch/lod/sparql",""
"opendatamonitor.eu-ckans","http://vocabulary.semantic-web.at/PoolParty/sparql/OpenData",""
"opendatamonitor.eu-ckans","http://opendata.ccd.uniroma2.it/LMF/sparql/select",""
"opendatamonitor.eu-ckans","http://en.openei.org/sparql",""
"opendatamonitor.eu-ckans","http://lod.openlinksw.com/sparql",""
"opendatamonitor.eu-ckans","http://sparql.openmobilenetwork.org",""
"opendatamonitor.eu-ckans","http://apps.ideaconsult.net:8080/ontology",""
"opendatamonitor.eu-ckans","http://api.talis.com/stores/ordnance-survey/services/sparql",""
"opendatamonitor.eu-ckans","http://data.organic-edunet.eu/sparql",""
"opendatamonitor.eu-ckans","http://data.organic-edunet.eu/snorql/",""
"opendatamonitor.eu-ckans","http://spatial.ucd.ie/lod/sparql",""
"opendatamonitor.eu-ckans","http://data.linkedu.eu/don/query",""
"opendatamonitor.eu-ckans","http://data.ox.ac.uk/sparql/",""
"opendatamonitor.eu-ckans","https://data.ox.ac.uk/sparql/",""
"opendatamonitor.eu-ckans","http://api.kasabi.com/dataset/pali-english-lexicon/apis/sparql",""
"opendatamonitor.eu-ckans","http://ld.panlex.org/sparql",""
"opendatamonitor.eu-ckans","http://services.data.gov.uk/patents/sparql",""
"opendatamonitor.eu-ckans","http://linked-data.org/sparql",""
"opendatamonitor.eu-ckans","http://prelex.publicdata.eu/sparql",""
"opendatamonitor.eu-ckans","http://api.kasabi.com/dataset/prelinger-archives/apis/sparql",""
"opendatamonitor.eu-ckans","http://premon.fbk.eu/sparql",""
"opendatamonitor.eu-ckans","http://api.talis.com/stores/pbac/services/sparql",""
"opendatamonitor.eu-ckans","http://sparql-procomun.educalab.es/",""
"opendatamonitor.eu-ckans","http://data.linkedu.eu/prod/query",""
"opendatamonitor.eu-ckans","http://api.talis.com/stores/productdb/services/sparql",""
"opendatamonitor.eu-ckans","http://provenanceweb.org/sparql",""
"opendatamonitor.eu-ckans","http://www.sparql.org/sparql.html",""
"opendatamonitor.eu-ckans","http://publicspending.medialab.ntua.gr/sparql",""
"opendatamonitor.eu-ckans","http://data.bibsys.no/data/query_authority.html",""
"opendatamonitor.eu-ckans","http://rdf.ng-london.org.uk/raphael",""
"opendatamonitor.eu-ckans","http://linkeddata4.dia.fi.upm.es:8907/sparql",""
"opendatamonitor.eu-ckans","https://www.ebi.ac.uk/rdf/services/reactome/sparql",""
"opendatamonitor.eu-ckans","http://eculture2.cs.vu.nl:5020/sparql/",""
"opendatamonitor.eu-ckans","http://services.data.gov.uk/reference/sparql",""
"opendatamonitor.eu-ckans","http://lod.xdams.org/sparql",""
"opendatamonitor.eu-ckans","http://api.kasabi.com/dataset/renewable-energy-generators/apis/sparql",""
"opendatamonitor.eu-ckans","http://services.data.gov.uk/research/sparql",""
"opendatamonitor.eu-ckans","http://revyu.com/sparql",""
"opendatamonitor.eu-ckans","http://rijksmuseum.dydra.com/lizzyjongma/rijksmuseum-collection/sparql",""
"opendatamonitor.eu-ckans","http://data.rism.info/sparql",""
"opendatamonitor.eu-ckans","http://acm.rkbexplorer.com/sparql/",""
"opendatamonitor.eu-ckans","http://budapest.rkbexplorer.com/sparql/",""
"opendatamonitor.eu-ckans","http://citeseer.rkbexplorer.com/sparql/",""
"opendatamonitor.eu-ckans","http://cordis.rkbexplorer.com/sparql/",""
"opendatamonitor.eu-ckans","http://courseware.rkbexplorer.com/sparql/",""
"opendatamonitor.eu-ckans","http://crime.rkbexplorer.com/sparql/",""
"opendatamonitor.eu-ckans","http://crm.rkbexplorer.com/sparql",""
"opendatamonitor.eu-ckans","http://curriculum.rkbexplorer.com/sparql/",""
"opendatamonitor.eu-ckans","http://darmstadt.rkbexplorer.com/sparql/",""
"opendatamonitor.eu-ckans","http://dblp.rkbexplorer.com/sparql/",""
"opendatamonitor.eu-ckans","http://deepblue.rkbexplorer.com/sparql/",""
"opendatamonitor.eu-ckans","http://deploy.rkbexplorer.com/sparql/",""
"opendatamonitor.eu-ckans","http://digitaleconomy.rkbexplorer.com/sparql",""
"opendatamonitor.eu-ckans","http://dotac.rkbexplorer.com/sparql/",""
"opendatamonitor.eu-ckans","http://ecs.rkbexplorer.com/sparql",""
"opendatamonitor.eu-ckans","http://enaktingpsi.rkbexplorer.com/sparql",""
"opendatamonitor.eu-ckans","http://eprints.rkbexplorer.com/sparql/",""
"opendatamonitor.eu-ckans","http://epsrc.rkbexplorer.com/sparql",""
"opendatamonitor.eu-ckans","http://era.rkbexplorer.com/sparql/",""
"opendatamonitor.eu-ckans","http://eurecom.rkbexplorer.com/sparql/",""
"opendatamonitor.eu-ckans","http://foreign.rkbexplorer.com/sparql",""
"opendatamonitor.eu-ckans","http://ft.rkbexplorer.com/sparql/",""
"opendatamonitor.eu-ckans","http://fun.rkbexplorer.com/sparql",""
"opendatamonitor.eu-ckans","http://gdlc.rkbexplorer.com/sparql",""
"opendatamonitor.eu-ckans","http://ibm.rkbexplorer.com/sparql/",""
"opendatamonitor.eu-ckans","http://ieee.rkbexplorer.com/sparql/",""
"opendatamonitor.eu-ckans","http://irit.rkbexplorer.com/sparql/",""
"opendatamonitor.eu-ckans","http://italy.rkbexplorer.com/sparql",""
"opendatamonitor.eu-ckans","http://jisc.rkbexplorer.com/sparql/",""
"opendatamonitor.eu-ckans","http://kaunas.rkbexplorer.com/sparql",""
"opendatamonitor.eu-ckans","http://kisti.rkbexplorer.com/sparql/",""
"opendatamonitor.eu-ckans","http://laas.rkbexplorer.com/sparql/",""
"opendatamonitor.eu-ckans","http://lisbon.rkbexplorer.com/sparql",""
"opendatamonitor.eu-ckans","http://newcastle.rkbexplorer.com/sparql/",""
"opendatamonitor.eu-ckans","http://notube.rkbexplorer.com/sparql",""
"opendatamonitor.eu-ckans","http://nsf.rkbexplorer.com/sparql/",""
"opendatamonitor.eu-ckans","http://oai.rkbexplorer.com/sparql/",""
"opendatamonitor.eu-ckans","http://os.rkbexplorer.com/sparql/",""
"opendatamonitor.eu-ckans","http://photos.rkbexplorer.com/sparql",""
"opendatamonitor.eu-ckans","http://pisa.rkbexplorer.com/sparql/",""
"opendatamonitor.eu-ckans","http://rae2001.rkbexplorer.com/sparql/",""
"opendatamonitor.eu-ckans","http://resex.rkbexplorer.com/sparql/",""
"opendatamonitor.eu-ckans","http://risks.rkbexplorer.com/sparql/",""
"opendatamonitor.eu-ckans","http://roma.rkbexplorer.com/sparql/",""
"opendatamonitor.eu-ckans","http://roni.rkbexplorer.com/sparql",""
"opendatamonitor.eu-ckans","http://southampton.rkbexplorer.com/sparql/",""
"opendatamonitor.eu-ckans","http://ulm.rkbexplorer.com/sparql/",""
"opendatamonitor.eu-ckans","http://unlocode.rkbexplorer.com/sparql/",""
"opendatamonitor.eu-ckans","http://webconf.rkbexplorer.com/sparql",""
"opendatamonitor.eu-ckans","http://webscience.rkbexplorer.com/sparql",""
"opendatamonitor.eu-ckans","http://wiki.rkbexplorer.com/sparql/",""
"opendatamonitor.eu-ckans","http://wordnet.rkbexplorer.com/sparql/",""
"opendatamonitor.eu-ckans","http://sparql.sstu.ru:3030/speciality-vocabulary/query",""
"opendatamonitor.eu-ckans","http://link.informatics.stonybrook.edu/sparql/",""
"opendatamonitor.eu-ckans","http://biordf.net/sparql",""
"opendatamonitor.eu-ckans","http://api.kasabi.com/dataset/sanskrit-english-lexicon/apis/sparql",""
"opendatamonitor.eu-ckans","http://212.81.220.68:2020/elviajero",""
"opendatamonitor.eu-ckans","http://api.talis.com/stores/schemapedia/services/sparql",""
"opendatamonitor.eu-ckans","https://w3id.org/scholarlydata/sparql",""
"opendatamonitor.eu-ckans","http://aseg.cs.concordia.ca/secold/sparqlendpoint",""
"opendatamonitor.eu-ckans","http://rdfabout.com/sparql",""
"opendatamonitor.eu-ckans","http://seek.rkbexplorer.com/sparql/",""
"opendatamonitor.eu-ckans","http://el-devtc01.tugraz.at/~ldv/interlinking/endpoint_handler.php",""
"opendatamonitor.eu-ckans","http://data.semanticuniverse.com/sparql",""
"opendatamonitor.eu-ckans","http://data.semanticweb.org/sparql",""
"opendatamonitor.eu-ckans","http://semantic-web-journal.com:3030/sparql.tpl",""
"opendatamonitor.eu-ckans","http://cb.semsol.org/sparql",""
"opendatamonitor.eu-ckans","http://http://opendata.intellidomo.es:8080/sparql/",""
"opendatamonitor.eu-ckans","http://serendipity.utpl.edu.ec/lod/sparql",""
"opendatamonitor.eu-ckans","http://data.linkedu.eu/slidewiki/query",""
"opendatamonitor.eu-ckans","http://smartlink.open.ac.uk/smartlink/sparql",""
"opendatamonitor.eu-ckans","http://socialarchive.iath.virginia.edu/sparql/eac",""
"opendatamonitor.eu-ckans","http://socialarchive.iath.virginia.edu/sparql/snac-viaf",""
"opendatamonitor.eu-ckans","http://vocabulary.semantic-web.at/PoolParty/sparql/semweb",""
"opendatamonitor.eu-ckans","http://linguistic.linkeddata.es/sparql",""
"opendatamonitor.eu-ckans","http://labs.mondeca.com/endpoint/ends",""
"opendatamonitor.eu-ckans","http://services.data.gov.uk/statistics/sparql",""
"opendatamonitor.eu-ckans","http://crashmap.okfn.gr:8890/sparql",""
"opendatamonitor.eu-ckans","http://zbw.eu/beta/sparql/stw/query",""
"opendatamonitor.eu-ckans","http://sparql.sindice.com/sparql",""
"opendatamonitor.eu-ckans","http://symbolicdata.org:8890/sparql",""
"opendatamonitor.eu-ckans","http://lod.sztaki.hu/sparql",""
"opendatamonitor.eu-ckans","http://pomelo.iis.sinica.edu.tw:2020/sparql",""
"opendatamonitor.eu-ckans","http://api.talis.com/stores/openlibrary/services/sparql",""
"opendatamonitor.eu-ckans","http://hcls.deri.org:8080/openrdf-sesame/repositories/tcga",""
"opendatamonitor.eu-ckans","http://agalpha.mathbiol.org/repositories/tcga",""
"opendatamonitor.eu-ckans","http://www.open-biomed.org.uk/sparql/endpoint/tcm",""
"opendatamonitor.eu-ckans","http://data.linkededucation.org/request/ted/sparql",""
"opendatamonitor.eu-ckans","http://telegraphis.net/data/countries/sparql",""
"opendatamonitor.eu-ckans","http://asev.l3s.uni-hannover.de:8085/openrdf-sesame/repositories/TERENCE_STORY",""
"opendatamonitor.eu-ckans","http://linguistic.linkeddata.es/terminesp/sparql-editor",""
"opendatamonitor.eu-ckans","http://academia6.poolparty.biz/PoolParty/sparql/Tesauro-Materias-BUPM",""
"opendatamonitor.eu-ckans","http://apps.morelab.deusto.es/teseo/sparql",""
"opendatamonitor.eu-ckans","http://diwis.imis.athena-innovation.gr:8181/sparql",""
"opendatamonitor.eu-ckans","http://ring.ciard.net/sparql1",""
"opendatamonitor.eu-ckans","https://dbmi-icode-01.dbmi.pitt.edu/dikb/sparql",""
"opendatamonitor.eu-ckans","http://eurostat.linked-statistics.org/sparql",""
"opendatamonitor.eu-ckans","http://digitale.bncf.firenze.sbn.it/openrdf-workbench/repositories/NS/query",""
"opendatamonitor.eu-ckans","http://www.archivesdefrance.culture.gouv.fr/thesaurus/sparql",""
"opendatamonitor.eu-ckans","http://api.talis.com/stores/theviewfrom/services/sparql",""
"opendatamonitor.eu-ckans","http://lod.apc.gov.tw/sparql",""
"opendatamonitor.eu-ckans","http://tour-pedia.org/sparql",""
"opendatamonitor.eu-ckans","http://tkm.kiom.re.kr/ontology/sparql",""
"opendatamonitor.eu-ckans","http://api.talis.com/stores/trafficscotland/services/sparql",""
"opendatamonitor.eu-ckans","http://transparency.270a.info/sparql",""
"opendatamonitor.eu-ckans","http://services.data.gov.uk/transport/sparql",""
"opendatamonitor.eu-ckans","http://gov.tso.co.uk/transport/sparql",""
"opendatamonitor.eu-ckans","http://twarql.org:8890/sparql",""
"opendatamonitor.eu-ckans","http://healthdata.tw.rpi.edu/sparql",""
"opendatamonitor.eu-ckans","http://purl.org/twc/hub/sparql",""
"opendatamonitor.eu-ckans","http://ieeevis.tw.rpi.edu/nosparql",""
"opendatamonitor.eu-ckans","http://opendap.tw.rpi.edu/sparql",""
"opendatamonitor.eu-ckans","http://platform.uberblic.org/api/v1/sparql",""
"opendatamonitor.eu-ckans","http://data.bib.uni-mannheim.de/sparql",""
"opendatamonitor.eu-ckans","http://uis.270a.info/sparql",""
"opendatamonitor.eu-ckans","http://skos.um.es/sparql/",""
"opendatamonitor.eu-ckans","http://vocabularies.unesco.org/sparql",""
"opendatamonitor.eu-ckans","http://api.kasabi.com/dataset/un-hazardous-material-numbers/apis/sparql",""
"opendatamonitor.eu-ckans","http://sparql.uniprot.org",""
"opendatamonitor.eu-ckans","http://data.linkedu.eu/kis1112/query",""
"opendatamonitor.eu-ckans","http://data.linkedu.eu/kis/query",""
"opendatamonitor.eu-ckans","http://193.145.57.56:8890/sparql",""
"opendatamonitor.eu-ckans","http://resrev.ilrt.bris.ac.uk/data-server-workshop/sparql",""
"opendatamonitor.eu-ckans","http://unodc.publicdata.eu/sparql",""
"opendatamonitor.eu-ckans","http://linkeddata.uriburner.com/sparql",""
"opendatamonitor.eu-ckans","http://data.lider-project.eu/usage/sparql",""
"opendatamonitor.eu-ckans","http://dacura.cs.tcd.ie/sparql",""
"opendatamonitor.eu-ckans","http://data.utpl.edu.ec/utpl/lod/sparql",""
"opendatamonitor.eu-ckans","http://semanticweb.cs.vu.nl/verrijktkoninkrijk/sparql/",""
"opendatamonitor.eu-ckans","http://minsky.gsi.dit.upm.es/semanticwiki/index.php/Special:SPARQLEndpoint",""
"opendatamonitor.eu-ckans","http://sparql.wikipathways.org/",""
"opendatamonitor.eu-ckans","http://wiktionary.dbpedia.org/sparql",""
"opendatamonitor.eu-ckans","http://www.opmw.org/sparql",""
"opendatamonitor.eu-ckans","http://worldbank.270a.info/sparql",""
"opendatamonitor.eu-ckans","http://www4.wiwiss.fu-berlin.de/factbook/sparql",""
"opendatamonitor.eu-ckans","http://ldf.fi/ww1lod/sparql",""
"opendatamonitor.eu-ckans","http://km.aifb.kit.edu/services/xlike-lexicon/",""
"opendatamonitor.eu-ckans","http://api.kasabi.com/dataset/yahoo-geoplanet/apis/sparql",""
"opendatamonitor.eu-ckans","http://neuroweb.med.yale.edu:8890/sparql",""
"opendatamonitor.eu-ckans","http://sparql.yovisto.com/",""
"opendatamonitor.eu-ckans","http://zhishi.me/sparql",""
"opendatamonitor.eu-ckans","http://linkedmanchester.org/sparql",""
"opendatamonitor.eu-ckans","http://opendata.caceres.es/sparql",""
"opendatamonitor.eu-ckans","http://data.salzburgerland.com/dataset/accomodations",""
"opendatamonitor.eu-ckans","http://data.salzburgerland.com/dataset/accommodations",""
"opendatamonitor.eu-ckans","http://data.salzburgerland.com/dataset/events",""
"opendatamonitor.eu-ckans","http://data.salzburgerland.com/dataset/local-businesses",""
"opendatamonitor.eu-ckans","http://data.salzburgerland.com/dataset/places",""
"opendatamonitor.eu-ckans","http://data.salzburgerland.com/dataset/products",""
"opendatamonitor.eu-ckans","http://data.salzburgerland.com/dataset/salzburgerland",""
"opendatamonitor.eu-ckans","http://data.cervantesvirtual.com/geosearch",""
"opendatamonitor.eu-ckans","http://83.212.169.101:8890/sparql",""
"opendatamonitor.eu-ckans","http://esb.goteborg.se/TEIK/001/Kalendarie/",""
"opendatamonitor.eu-ckans","http://data.nobelprize.org/sparql/",""
"opendatamonitor.eu-ckans","http://landregistry.data.gov.uk/landregistry/sparql/sparql.html",""
"opendatamonitor.eu-ckans","http://openuplabs.tso.co.uk/sparql/gov-legislation",""
"opendatamonitor.eu-ckans","http://rlink.cineca.it/",""
"opendatamonitor.eu-ckans","http://lod-cloud.net/data/void.ttl",""
"opendatamonitor.eu-ckans","http://vocab.getty.edu/queries",""
"opendatamonitor.eu-ckans","http://services.insemtives.eu/forest/sparql",""
"opendatamonitor.eu-ckans","http://api.talis.com/stores/lcsh-info/services/sparql",""
"","https://www.europeandataportal.eu/sparql",""
"","https://data.cssz.cz/sparql",""
"","http://cedropendata.mfcr.cz/c3lod/cedr/sparql",""
"","http://lod.csd.auth.gr:7200/repositories/DBpediaCitation_links",""
"","https://data.epo.org/linked-data/query",""
"","http://94.199.43.20/odrpp/sparql/",""
"","https://data.gov.cz/sparql",""
"","https://rpp-opendata.egon.gov.cz/odrpp/sparql",""
"","http://data.nationallibrary.fi/bib/sparql",""
"","https://snap.dighum.kcl.ac.uk/query/",""
"","http://ld.iospress.nl:3030/ios/sparql",""
"","http://statistics.gov.scot/sparql",""
"","https://www.ebi.ac.uk/rdf/services/sparql",""
"","http://sparql.orthodb.org/sparql",""
"","http://id.nlm.nih.gov/mesh/sparql",""
"","http://sparql.uniprot.org/sparql",""
"sparqless","https://data.gov.cz/sparql","Nrodn Katalog Otevrenych Dat - CZ Government"
"sparqless","https://dev.nkod.opendata.cz/sparql","Nrodn Katalog Otevrenych Dat - CZ Government"
"sparqless","https://linked.opendata.cz/sparql","OpenData.cz"
"sparqless","https://dbpedia.org/sparql","DBPedia"
"sparqless","http://www.scholarlydata.org/sparql/","ScholarlyData.org"
"sparqless","https://ldf.fi/ww1lod/sparql","WW1 as LOD"
"sparqless","https://ruian.linked.opendata.cz/sparql","RUIAN - CZ Government"
"sparqless","https://data.ox.ac.uk/sparql/","Open data about the University of Oxford"
"sparqless","https://openei.org/sparql","OpenEI - Open Energy Information"
"sparqless","http://linkedgeodata.org/sparql","LinkedGeoData - OpenStreetMap in RDF"
"sparqless","http://setaria.oszk.hu/sparql","Hungarian National Library catalog"
"sparqless","https://semantic.eea.europa.eu/sparql","European Environment Agency"
"sparqless","https://environment.data.gov.uk/sparql/bwq/query","UK Environment Agency bathing water quality"
"sparqless","https://environment.data.gov.uk/bwq/sparql.html","UK Environment Agency bathing water quality"
"sparqless","http://data.allie.dbcls.jp/sparql","Allie database of abbreviations in life sciences"
